{
  "RA_0" : 13.038,
  "Dec_0" : -73.094,
  "m_M" : 18.91,
  "pmRA_0" : 0.672,
  "pmDec_0" : -1.201,
  "vsys_0" : 148.0,
  "incl" : 40.0,
  "theta" : -100.0,
  "Vrot" : 10.0,
  "rad0" : 1.0,
  "rotdir" : -1.0,
  "relvel0" : [0.43452, -0.20803, -36.61517],
  "tidalScale" : 10.0,
  "tidalType" : "Linear"
}
